{
	"class_name" : "PinholeCameraParameters",
	"extrinsic" : 
	[
		0.92609605080286861,
		0.26303129506984602,
		-0.27048224063921533,
		0.0,
		-0.21248445687675524,
		-0.22878684310989225,
		-0.95000365052224933,
		0.0,
		-0.31176346847108488,
		0.93726790099399504,
		-0.15598853000522089,
		0.0,
		10.148713008544593,
		-37.545896969815288,
		140.1110110166899,
		1.0
	],
	"intrinsic" : 
	{
		"height" : 1056,
		"intrinsic_matrix" : 
		[
			914.52282639636724,
			0.0,
			0.0,
			0.0,
			914.52282639636724,
			0.0,
			927.0,
			527.5,
			1.0
		],
		"width" : 1855
	},
	"version_major" : 1,
	"version_minor" : 0
}